label,model,auc,auc_std,pr_auc,worst_fold_auc,seconds
low60,rule,0.8964,0.0442,0.1174,0.8169,0.0013
low60,logistic regression,0.8471,0.0945,0.0343,0.6884,0.3053
low60,random forest,0.8971,0.041,0.0709,0.8274,1.1456
low60,extra trees,0.8559,0.0466,0.0393,0.8042,0.6884
low60,LightGBM,0.9142,0.029,0.0634,0.8596,0.3165
low60,XGBoost,0.9245,0.0331,0.0661,0.8646,1.2942
low60,neural network (MLP),0.7246,0.1074,0.0686,0.5156,1.9615
spike120,rule,0.6914,0.0269,0.2756,0.6508,0.0012
spike120,logistic regression,0.7695,0.013,0.3794,0.7527,0.1792
spike120,random forest,0.8134,0.0187,0.4645,0.7924,1.0592
spike120,extra trees,0.8052,0.0226,0.4467,0.7772,0.5992
spike120,LightGBM,0.8133,0.0221,0.4629,0.7906,0.3614
spike120,XGBoost,0.8145,0.0146,0.4661,0.7945,0.9796
spike120,neural network (MLP),0.7492,0.0205,0.3497,0.7274,3.8893
large_rise120,rule,0.6811,0.0161,0.2862,0.6618,0.0021
large_rise120,logistic regression,0.7606,0.0114,0.3435,0.7469,0.1977
large_rise120,random forest,0.8073,0.0087,0.4054,0.7927,1.2281
large_rise120,extra trees,0.8041,0.0098,0.4002,0.7943,0.7141
large_rise120,LightGBM,0.8067,0.0116,0.3985,0.7877,0.4774
large_rise120,XGBoost,0.8058,0.0127,0.4038,0.7851,1.1318
large_rise120,neural network (MLP),0.7458,0.0069,0.3181,0.735,5.8312
