patient,days,heart,spike_auc,rise_auc,mae30,stay30,mae60,stay60,low_events,warned,alerts_day
2001,26.4,False,0.82,0.83,9.3,10.9,15.7,18.8,6,5,0.68
2008,5.6,True,0.96,0.87,8.7,14.1,16.4,25.6,0,0,1.0
2011,4.8,True,0.85,0.84,10.1,12.9,16.4,21.6,0,0,0.47
2016,13.9,False,0.91,0.89,11.4,12.0,18.0,19.5,0,0,0.3
2032,2.9,False,0.84,0.83,14.7,19.7,23.7,32.7,0,0,1.26
2037,13.9,False,0.86,0.85,10.3,12.4,15.8,19.4,0,0,1.72
2038,5.7,True,0.89,0.89,11.7,15.6,19.1,26.0,0,0,2.34
2041,4.1,True,0.87,0.84,10.8,13.3,18.0,22.5,0,0,0.0
2042,4.2,False,0.93,0.91,11.5,13.4,18.8,21.9,0,0,1.11
2052,13.0,False,0.83,0.89,13.0,18.6,23.4,32.9,2,2,1.45
2060,13.9,False,0.88,0.9,7.2,7.5,12.4,12.9,0,0,2.02
2061,9.7,False,0.89,0.84,13.0,15.3,19.4,24.1,0,0,2.18
2063,12.7,False,0.86,0.84,8.8,10.7,14.6,18.2,0,0,4.27
2066,12.7,False,0.81,0.82,9.6,9.8,16.9,16.5,0,0,2.88
2069,38.8,True,0.69,0.78,10.5,12.1,20.0,21.5,1,1,0.73
2073,13.9,True,0.97,0.85,10.7,14.4,18.1,25.1,0,0,0.9
2076,12.7,False,0.76,0.81,9.4,11.2,16.2,19.1,0,0,1.32
2081,12.7,False,0.87,0.89,9.2,10.8,14.3,17.4,1,1,0.49
2091,13.9,False,0.89,0.85,11.5,14.7,19.4,24.9,0,0,1.72
2094,13.9,True,0.83,0.74,11.1,13.6,20.3,24.4,13,13,2.17
2099,13.8,False,0.89,0.86,7.0,9.1,12.4,15.6,2,2,3.13
