patient_id,has_low,group
2000,True,0
2001,True,test
2002,False,1
2003,False,0
2004,False,1
2005,False,4
2006,False,0
2007,True,1
2008,False,test
2009,False,3
2010,False,1
2011,False,test
2012,False,4
2013,False,2
2014,False,1
2015,False,1
2016,False,test
2017,True,3
2018,False,0
2019,True,4
2020,False,4
2021,False,0
2022,False,3
2023,False,4
2024,False,2
2025,False,1
2026,False,3
2027,False,4
2028,False,0
2029,False,3
2030,False,4
2031,False,0
2032,False,test
2033,False,2
2034,False,1
2035,False,2
2036,False,0
2037,False,test
2038,False,test
2039,False,2
2040,True,3
2041,False,test
2042,False,test
2043,False,2
2044,False,2
2045,False,4
2046,True,0
2047,False,3
2048,True,0
2049,False,0
2050,False,3
2051,True,1
2052,True,test
2053,False,2
2054,False,4
2055,False,3
2056,True,2
2057,True,3
2058,True,4
2059,False,4
2060,False,test
2061,False,test
2062,False,2
2063,False,test
2064,False,0
2065,False,2
2066,False,test
2067,False,1
2068,False,1
2069,True,test
2070,False,3
2071,False,0
2072,False,1
2073,False,test
2074,False,4
2075,False,0
2076,False,test
2077,False,3
2078,False,2
2079,True,2
2080,False,0
2081,True,test
2082,False,0
2083,True,2
2084,True,4
2085,True,1
2086,True,0
2087,False,1
2088,False,3
2089,True,1
2090,False,4
2091,False,test
2092,False,2
2093,False,3
2094,True,test
2095,True,2
2096,False,1
2097,False,3
2098,False,4
2099,True,test
